Type,Name,Ingredients,Total Time,Recipe,Nutritional Info
,,,,,
Lunch,Chinese Chicken Salad,"['2 cups cooked shredded chicken (I used rotisserie)', '3 cups romaine lettuce, thinly chopped', '2 cups napa cabbage, thinly chopped', '2 cups red cabbage, thinly chopped', '1 cup carrots, julienned or shredded', '1/2 cup green onions, chopped', '1/3 cup fresh cilantro, chopped', '1 cup mandarin oranges', '1/3 cup sliced almonds (or cashews)', 'Garnish with sesame seeds, optional', '3 Tbsp rice wine vinegar', '2 Tbsp reduced sodium soy sauce', '2 cloves garlic, minced', '2 Tbsp honey', '1 Tbsp fresh grated ginger', '2 tsp sesame oil', '3 Tbsp olive oil']",0,"['To make the dressing, combine all ingredients in a small jar with a sealed lid and shake well until combined. I also use this jar to store any extra dressing to use for the week.', 'To make the salad, combine all the ingredients in a large bowl and toss to combine.', 'Drizzle salad with ginger-sesame dressing and mix until fully coated. Garnish with sesame seeds, serve and enjoy!']","{'servingSize': '1/6th of recipe', 'calories': '289', 'sugarContent': '12.8 g', 'sodiumContent': '225 mg', 'fatContent': '17.2 g', 'saturatedFatContent': '3.1 g', 'carbohydrateContent': '19.9 g', 'fiberContent': '3.6 g', 'proteinContent': '15.7 g'}"
,,,,,
Lunch,Bourbon Maple Pecan Sweet Potatoes,"['3 lb sweet potatoes, peeled and diced into cubes', '3 Tbsp butter, melted (or coconut oil)', '1/3 cup maple syrup', '2 Tbsp bourbon', '1 tsp vanilla', '1/2 tsp cinnamon', '1/4 tsp nutmeg', '1/2 tsp salt', '1/3 cup chopped pecans']",55,"['Preheat oven to 400 degrees F.', 'Peel and chop your sweet potatoes into 1-inch cubes and place them in a 9×13 baking dish (or similar size) sprayed with nonstick spray.', 'In a small bowl, whisk together maple syrup, melted butter (or coconut oil), bourbon, vanilla, spices and salt.\xa0 Pour the mixture over the sweet potatoes and mix well so that they’re all coated.', 'Cover the sweet potatoes with foil and place in the oven for 15 minutes.\xa0 Remove the foil, stir the potatoes and place back in the oven uncovered for another 30 to 35 minutes, stirring them again halfway through.', 'When the sweet potatoes have about 10 minutes left, mix in the chopped pecans and place back in the oven.\xa0 You’ll know the sweet potatoes are done when they are tender with a fork.', 'Remove the sweet potatoes from the oven and let them sit for just a few minutes to soak up any extra sauce.\xa0 Serve them warm and enjoy!']","{'servingSize': '1/8th of recipe', 'calories': '196', 'sugarContent': '12.3 g', 'sodiumContent': '200.8 mg', 'fatContent': '7.7 g', 'saturatedFatContent': '3 g', 'carbohydrateContent': '30.8 g', 'fiberContent': '3.5 g', 'proteinContent': '2 g'}"
,,,,,
Lunch,Pomegranate Glazed Brussels Sprouts,"['1 1/2 lbs brussels sprouts, ends trimmed and halved lengthwise', '1 Tbsp olive oil', 'Salt and pepper, to taste', '1/4 cup pine nuts', '1/3 cup pomegranate seeds', '1/3 cup pomegranate juice', '1/4 cup honey (or maple syrup)', '2 Tbsp balsamic vinegar', '2 cloves garlic']",35,"['Preheat oven to 425 degrees F.', 'Spread the brussels sprouts in an even layer on a large sheet pan and drizzle with a little olive oil, tossing them so that they are evenly coated.\xa0 Sprinkle with salt and pepper.', 'Roast brussels sprouts in the oven for about 15 minutes, shake the pan really good or toss the brussels sprouts with a spoon, then pop them back in the oven to cook for an additional 15 minutes.', 'While the brussels sprouts are roasting, whisk together the pomegranate juice, honey, balsamic vinegar and garlic in a small saucepan on the stove and bring to a boil.\xa0 Reduce the heat to medium and let the mixture boil for about 5 to 8 minutes, until the sauce has thickened and is syrupy.', 'When the brussels sprouts have about 5 or 6 minutes left, sprinkle the pine nuts onto the sheet pan and let them roast, until the brussels sprout are golden and crispy.', 'Transfer the brussels sprouts from the sheet pan onto a platter and drizzle the pomegranate glaze over top, tossing to combine.\xa0 Sprinkle with pomegranate seeds, roasted pine nuts and additional salt/pepper, as needed!']","{'servingSize': '1/4th of recipe', 'calories': '260', 'sugarContent': '27.1 g', 'sodiumContent': '194 mg', 'fatContent': '9.8 g', 'saturatedFatContent': '1 g', 'carbohydrateContent': '41.2 g', 'fiberContent': '7.4 g', 'proteinContent': '7.4 g'}"
,,,,,
Lunch,Hot Italian Sliders,"['12-count package slider buns, cut in half', '12 slices ham', '6-8 slices genoa salami', '6-8 slices soppressata salami', '12 slices pepperoni', '8 slices provolone cheese', '2 Tbsp butter, melted', '1 tsp Italian seasoning', 'Optional toppings: grated parmesan cheese, red pepper flakes, fresh parsley', '1 (12 oz) jar roasted red peppers, drained', '1/4 cup walnuts', '2 Tbsp grated parmesan cheese', '3 cloves garlic', '1 Tbsp olive oil', '1 tsp Italian seasoning', '1/2 tsp red pepper flakes', 'Pinch of salt']",30,"['Preheat oven to 350 degrees F.', 'Make the roasted red pepper spread.\xa0 In a food processor or blender, mix together all ingredients until a paste forms.\xa0 Set aside.', 'Slice slider buns in half and place bottom half on a baking sheet or casserole dish.\xa0 Spread the roasted red pepper mixture on the bottom half of the buns and layer with ham, salami, pepperoni, and provolone cheese.\xa0 Place the tops of the slider buns on top.', 'In a small bowl, mix together melted butter and Italian seasoning and brush over top of the buns until completely coated.', 'Cover with foil and bake in the oven for 10 minutes.\xa0 Remove the foil and place back in the oven for an additional 10 to 12 minutes, until sliders are golden and cheese is melted.', 'Remove from oven and sprinkle with grated parmesan cheese, if desired.\xa0 Slice and enjoy!']","{'servingSize': '1 slider', 'calories': '245', 'sugarContent': '6 g', 'sodiumContent': '370.6 mg', 'fatContent': '12.9 g', 'saturatedFatContent': '5.8 g', 'carbohydrateContent': '17.6 g', 'fiberContent': '0.2 g', 'proteinContent': '12.1 g'}"
,,,,,
Lunch,Maple Glazed Butternut Squash and Brussels Sprouts,"['1 1/2 lb butternut squash, cut into 1-inch cubes', '1 lb brussels sprouts, ends trimmed and halved lengthwise', '2 shallots, sliced', '2 Tbsp olive oil', '1 tsp fresh thyme', '1 tsp fresh rosemary', '1/2 tsp fresh sage', 'Salt and pepper, to taste', '2 apples, cored and chopped into 1-inch cubes (I used Granny Smith apples)', '1/4 cup chopped pecans', '3 Tbsp maple syrup', '1 Tbsp Dijon mustard', '1/2 tsp fresh thyme', 'Pinch of cinnamon']",40,"['Preheat oven to 425 degrees F.', 'In a large bowl, toss together butternut squash, brussels sprouts, and shallots with olive oil then add in thyme, rosemary and sage, mixing until evenly combined.\xa0 Spread veggies out in an even layer on a sheet pan lined with foil or coated with nonstick spray, making sure not to overcrowd the veggies.\xa0 You can also use two sheet pans if necessary.', 'Place sheet pan in the oven and roast for 15 minutes.\xa0 Remove the pan and add chopped apples, tossing together with the veggies.\xa0 Place sheet pan back in the oven and roast for an additional 15 minutes, until veggies have a nice golden color and are tender.', 'While the veggies roast in the oven, you can make the maple glaze.\xa0 In a small saucepan over medium heat, combine maple syrup, Dijon mustard, fresh thyme and cinnamon and bring to a simmer.\xa0 Reduce heat to medium-low and continuing to simmer for 5 to 6 minutes until sauce has thickened and reduced.', 'Transfer roasted veggies and apples to a serving dish, toss with chopped pecans and drizzle with the maple glaze.\xa0 Serve and enjoy!']","{'servingSize': '1/6th of recipe', 'calories': '222', 'sugarContent': '16.6 g', 'sodiumContent': '191.9 mg', 'fatContent': '8.3 g', 'saturatedFatContent': '1.1 g', 'carbohydrateContent': '49.1 g', 'fiberContent': '7.1 g', 'proteinContent': '6.3 g'}"
,,,,,
Lunch,Greek Chicken Kabobs with Tzatziki Sauce,"['1/4 cup olive oil', '1/4 cup lemon juice', 'Zest of 1 lemon', '1 Tbsp red wine vinegar', '4 cloves garlic, minced', '1 tsp honey', '1/2 tsp salt', '1/4 tsp freshly ground black pepper', '2 Tbsp fresh oregano (or 2 tsp dried)', '1 Tbsp fresh parsley', '1 1/4 lb boneless, skinless chicken breasts, cut into 1-inch cubes', '1 medium zucchini, cut into 1/2 inch slices', '1 pint cherry or grape tomatoes', '1 white onion, cut into large chunks', '1/2 cup plain Greek yogurt', '1/2 cup grated cucumber, water squeezed out', '1 Tbsp lemon juice', '1 Tbsp olive oil', '2 cloves garlic, minced', '1 Tbsp fresh dill, chopped', '2 tsp fresh parsley, chopped', '1/4 tsp salt + pinch of pepper']",20,"['Place chicken in a large bowl or ziplock bag.', 'To make the marinade, whisk together all the ingredients until combined. Reserve a couple tablespoons\xa0 of the marinade and pour the rest over top of chicken until completely coated. Seal the bag or cover and marinate chicken in the fridge for at least 30 minutes or up to 4 hours.', 'Pre-heat grill on medium-high heat, making sure to lightly spray with oil to avoid sticking.\xa0 If using wooden skewers, make sure to soak them in cold water for 15 to 20 minutes to prevent them from burning on the grill.', 'To assemble the kabobs, first layer on an onion slice, followed by some chicken, a zucchini slice, then a cherry tomato.\xa0 Then just repeat these layers until you get to the end of the skewer and discard the marinade used for the chicken.\xa0 Place the skewers on the grill and cook them about 5 to 6 minutes on each side, brushing with the reserved marinade until the chicken is cooked through.\xa0 The internal temp should read 165 degrees F.', 'To make the tzatziki sauce, mix together the yogurt, grated cucumber (make sure to squeeze out all the water so the dip doesn’t get watery), lemon juice, olive oil, garlic and fresh herbs.\xa0 I also like to season with salt/pepper and top with fresh dill.', 'Serve the kabobs with tzatziki sauce and enjoy!']","{'servingSize': '2 kabobs + sauce', 'calories': '337', 'sugarContent': '6.4 g', 'sodiumContent': '764.1 g', 'fatContent': '15.5 g', 'saturatedFatContent': '1.8 g', 'carbohydrateContent': '13.2 g', 'fiberContent': '1.7 g', 'proteinContent': '32.9 g'}"
,,,,,
Lunch,Margarita Shrimp Skewers,"['1 lb. shrimp, peeled and deveined', '3 Tbsp fresh lime juice', '1/2 tsp fresh lime zest', '1 Tbsp olive oil', '2 tsp tequila', '3 cloves garlic, minced', '3 Tbsp fresh cilantro, chopped', '1/4 tsp salt', 'Pinch of cayenne pepper', '12 bamboo skewers, soaked']",15,"['Soak bamboo skewers for about 20 minutes in cold water; set aside.', 'Whisk together lime juice, zest, olive oil, tequila, garlic, cilantro, salt and cayenne pepper in a bowl. Place peeled shrimp in a large ziplock bag and pour marinade over shrimp, shaking to combine. Allow shrimp to marinate in the fridge for at least 30 minutes or up to 4 hours.', 'Preheat grill on medium to high heat, making sure to lightly spray with oil to avoid sticking.', 'While grill is heating up, start threading your shrimp onto the bamboo skewers and discard the marinade. Place the skewers on the grill, cooking shrimp until they turn pink, about 2 to 3 minutes each side. Serve and enjoy!']","{'servingSize': '2 skewers', 'calories': '153', 'sugarContent': '0.2 g', 'sodiumContent': '400 mg', 'fatContent': '4.6 g', 'saturatedFatContent': '0.8 g', 'carbohydrateContent': '1.7 g', 'fiberContent': '0.1 g', 'proteinContent': '23.9 g'}"
,,,,,
Lunch,"Red, White and Blueberry Fruit Salad","['3 cups watermelon, sliced and cut into stars', '2 cups apples, sliced and cut into stars', '1 lb fresh strawberries, sliced', '1 pint (12 oz) fresh blueberries', '1 pint (12 oz) fresh raspberries', '1 Tbsp fresh mint, thinly sliced (optional)', '2 Tbsp honey', '2 Tbsp fresh lime juice', '1 Tbsp fresh orange juice']",5,"['In a large bowl, toss together chopped fruit and set aside.', 'In a small bowl, whisk together honey, lime juice and orange juice and drizzle over the fruit, mixing well to combine.', 'Garnish with fresh mint (if desired), serve immediately or refrigerate.\xa0 Enjoy!']","{'servingSize': '1 3/4 cups', 'calories': '84', 'sugarContent': '15 g', 'sodiumContent': '1.8 mg', 'fatContent': '0.5 g', 'saturatedFatContent': '0 g', 'carbohydrateContent': '21 g', 'fiberContent': '4 g', 'proteinContent': '1.2 g'}"
,,,,,
Lunch,Chili-Rubbed Salmon with Summer Corn Salad,"['2 lb wild-caught salmon fillet', '1 Tbsp olive oil', '1 Tbsp fresh lime juice', '1 Tbsp chili powder', '1 tsp cumin', '1/4 tsp smoked paprika', '1/2 tsp garlic powder', '1/4 tsp onion powder', '1 tsp salt', '1/2 tsp pepper', '4 ears corn + 1 Tbsp olive oil, salt and pepper (to taste)', '3 cups arugula, packed', '1 avocado, pitted and sliced', '1 pint cherry tomatoes, halved', '3 green onions, chopped', '1/4 cup fresh cilantro, chopped', '2 Tbsp olive oil', '1/4 cup fresh lime juice', '1 clove garlic, minced', '1 Tbsp honey', '1/4 tsp ground coriander', 'Salt and pepper, to taste', '2 Tbsp fresh cilantro, chopped']",20,"['Pre-heat grill to medium-high heat (about 375 to 400 degrees).', 'Place a large piece of heavy-duty aluminum foil on a baking sheet or large plate and fold up all the edges.\xa0 Brush a little bit of oil on the foil or spray with non-stick cooking spray so that the salmon doesn&#8217;t stick.', 'Place the salmon in the center of the foil and brush the top with olive oil and lime juice.\xa0 Then sprinkle the salmon with the seasoning mix so that the entire fish is coated. Using another sheet of aluminum foil, cover the salmon, making sure that all the edges are nicely sealed.', 'On a separate plate, lightly brush the corn with olive oil and season with salt and pepper.', 'Transfer the foil-wrapped salmon to the grill over indirect heat, not directly over the flames, and cook for about 15 to 18 minutes. You&#8217;ll know that the salmon is done when it&#8217;s flaky and opaque through the center.', 'While the salmon is on the grill you can also grill your corn. Place the corn over direct heat and cook about 2 to 3 minutes per side, until the kernels start to brown. Once the corn is done, carefully cut the kernels off of the cob using a sharp knife.', 'To make the salad, toss together the arugula, tomatoes, grilled corn, avocado, green onions and fresh cilantro in a large bowl.', 'To make the dressing, simply whisk together olive oil, lime juice, garlic, honey, ground coriander, salt/pepper and cilantro and set aside.', 'Remove salmon from the grill and remove the top layer of foil. You&#8217;ll see that a lot of juices have accumulated on the sides, so I like to brush those juices over top of the salmon before serving.', 'Slice up the salmon and add to the salad then drizzle with cilantro-lime dressing. Serve and enjoy!']","{'servingSize': '1/6th of dish', 'calories': '483', 'sugarContent': '8.3 g', 'sodiumContent': '482.4 mg', 'fatContent': '24.7 g', 'saturatedFatContent': '3.5 g', 'carbohydrateContent': '23 g', 'fiberContent': '4 g', 'proteinContent': '42.1 g'}"
,,,,,
Lunch,Tuna Avocado Egg Salad,"['2 (2.6 oz) pouches wild-caught tuna in olive oil', '1 ripe avocado, pitted and peeled', '3 hard-boiled eggs, roughly chopped (see my recipe on how to make hard-boiled eggs here!)', '1 Tbsp dijon mustard', 'Quick squeeze of lemon (about a teaspoon)', '2 green onions, chopped', 'Salt and pepper, to taste']",5,"['In a medium bowl, mash together tuna and avocado until combined. Add in the rest of the ingredients and stir to combine.', 'Serve with lettuce wraps, on toasted bread or enjoy all on its own!']","{'servingSize': '1/4th of recipe', 'calories': '228', 'sugarContent': '0.8 g', 'sodiumContent': '406.1 mg', 'fatContent': '17 g', 'saturatedFatContent': '3.2 g', 'carbohydrateContent': '5.7 g', 'fiberContent': '3.7 g', 'proteinContent': '14.7 g'}"
,,,,,
Lunch,Air Fryer Garlic Parmesan Brussels Sprouts,"['1 lb brussels sprouts, ends trimmed and halved lengthwise', '2 Tbsp olive oil', '2 tsp lemon juice', '3 cloves garlic, minced', '1/2 tsp salt', '1/2 cup grated parmesan cheese, divided']",20,"['Heat air fryer to 375 degrees.', 'In a medium bowl, toss together brussels sprouts, olive oil, lemon juice, garlic, salt and 1/4 cup of parmesan cheese, mixing well.', 'Place brussels sprouts in your air fryer basket in a single layer. Fry for 8 minutes, then shake the basket and sprinkle with 1/4 cup of parmesan cheese.', 'Continue to air fry for an additional 7 to 8 minutes, or until brussels are crisp and tender.', 'Remove from air fryer, season with additional salt and parmesan cheese, if needed, and enjoy!']","{'servingSize': '1 cup', 'calories': '155', 'sugarContent': '2.7 g', 'sodiumContent': '472.3 mg', 'fatContent': '10 g', 'saturatedFatContent': '2.8 g', 'carbohydrateContent': '11.5 g', 'fiberContent': '4.4 g', 'proteinContent': '7.8 g'}"
,,,,,
Lunch,Creamy Broccoli Cheddar Soup,"['2 Tbsp grass-fed butter', '1 small onion, chopped', '3 cloves garlic, minced', '3 cups chicken broth (or vegetable broth)', '1 1/2 cups heavy cream', '3 cups broccoli florets', '1/2 cup grated carrot', '1/2 tsp dry mustard', '1/4 tsp nutmeg', '1 tsp salt', '1 tsp pepper', '2 Tbsp cream cheese', '2 heaping cups shredded cheddar cheese']",25,"['In a large pot over medium-high heat, melt butter and add onion, sautéing until softened, about 2-3 minutes. Add garlic and sauté for another minute.', 'Pour in chicken broth, heavy cream, broccoli, carrot, dry mustard, nutmeg and salt/pepper and bring to a boil. Reduce heat to medium-low and simmer for about 15 to 20 minutes, until the broccoli and carrots are tender.', 'Mix in cream cheese and cheddar cheese until melted, serve and enjoy!']","{'servingSize': '1 1/2 cups', 'calories': '435', 'sugarContent': '2.1 g', 'sodiumContent': '1,141.2 mg', 'fatContent': '40.5 g', 'saturatedFatContent': '25.2 g', 'carbohydrateContent': '6.9 g', 'fiberContent': '1.3 g', 'proteinContent': '12.9 g'}"
,,,,,
Lunch,Cheesy Broccoli Quinoa Bites,"['2 cups cooked quinoa', '2 eggs', '1 cup shredded cheddar cheese', '1/2 cup grated carrot', '1 1/2 cups chopped broccoli']",30,"['Preheat oven to 350 degrees F.', 'In a food processor, blend together broccoli and grated carrot until finely chopped.', 'Mix together chopped veggies, cooked quinoa, eggs and shredded cheese in a large bowl. Divide quinoa mixture evenly into two mini muffin tins sprayed with cooking spray, pressing down each one so that the bites hold together.', 'Bake quinoa bites for 15 to 20 minutes, or until lightly browned. Let cool for 5 minutes before serving and enjoy!']","{'servingSize': '3 quinoa bites', 'calories': '110', 'sugarContent': '0.5 g', 'sodiumContent': '93.6 mg', 'fatContent': '5.5 g', 'saturatedFatContent': '2.7 g', 'carbohydrateContent': '9.2 g', 'fiberContent': '1.4 g', 'proteinContent': '6.1 g'}"
,,,,,
Lunch,Crunchy Thai Chicken Salad,"['4 cups shredded napa cabbage', '3 cups cooked shredded chicken, I used rotisserie', '2 cups grated or matchstick carrots', '1 red bell pepper, julienned', '1 cup fresh cilantro, chopped', '1/2 cup green onions, chopped', '1/2 cup wonton crisps (or you could use chopped peanuts)', '3 Tbsp rice vinegar', '2 Tbsp reduced sodium soy sauce', '2 cloves garlic, minced', '2 Tbsp honey', '1 Tbsp fresh ginger, peeled and minced', '2 tsp toasted sesame oil', '3 Tbsp olive oil']",5,"['To make the dressing, combine all ingredients in a small jar with a sealed lid and shake well until combined. I also use this jar to store any extra dressing to use for the week.', 'To make the salad, combine all the ingredients in a large bowl and toss to combine.', 'Drizzle salad with ginger-sesame dressing and mix until fully coated. Garnish with wonton crisps (or chopped peanuts), serve and enjoy!']","{'servingSize': '1/6th of recipe', 'calories': '324', 'sugarContent': '10.2 g', 'sodiumContent': '269.5 mg', 'fatContent': '18.5 g', 'saturatedFatContent': '3.4 g', 'carbohydrateContent': '18.1 g', 'fiberContent': '3.1 g', 'proteinContent': '21.3 g'}"
,,,,,
Lunch,Strawberry Spinach Salad with Poppy Seed Dressing,"['5 to 6 cups baby spinach leaves, lightly packed', '2 cups sliced strawberries', '1 avocado, peeled, pitted and diced', '1/4 cup sliced almonds', '1/4 cup olive oil', '2 Tbsp red wine vinegar', '1 Tbsp apple cider vinegar', '2 Tbsp honey', '1 Tbsp poppy seeds']",5,"['To make the salad, combine the spinach, strawberries, avocado and sliced almonds in a large bowl and toss with poppy seed dressing.', 'To make the dressing, whisk together all ingredients until mixed well and toss with salad or cover and chill in fridge until ready to use.']","{'servingSize': '1/4th of recipe', 'calories': '306', 'sugarContent': '13 g', 'sodiumContent': '35 mg', 'fatContent': '24 g', 'saturatedFatContent': '3.3 g', 'carbohydrateContent': '21.8 g', 'fiberContent': '6.6 g', 'proteinContent': '3.8 g'}"
,,,,,
Lunch,Rainbow Veggie Rolls with Ginger Avocado Dressing,"['4 (8 inch) multigrain tortillas', '8 large leafy green lettuce leaves', '1 cup of your favorite hummus', '4 slices sharp cheddar cheese', '1 cup each thinly sliced red bell pepper, thinly sliced cucumber, shredded purple cabbage, matchstick carrots and sprouts', '1 avocado', '1 Tbsp fresh grated ginger', '1 garlic clove', '1/2 cup cilantro leaves', '2 Tbsp lime juice', '3 Tbsp olive oil', '1/4 to 1/2 cup water (depending on consistency)', 'Pinch of salt']",10,"['To assemble the rolls, top each tortilla with 2 lettuce leaves, ¼ cup hummus, 1 slice of cheddar cheese and divide the veggies evenly among the wraps. Tightly roll up the tortilla, securing with a toothpick if desired, and slice into 4 rolls or in half to enjoy as a wrap.', 'Combine the avocado, ginger, garlic, cilantro, lime juice, and salt in a blender or food processor and pulse until combined. With the motor running, slowly add the olive oil and water until smooth and you have your desired consistency.', 'Drizzle your rolls with the ginger avocado dressing or store in a sealed airtight container until ready to eat. Enjoy!']","{'servingSize': '1 wrap + dressing', 'calories': '452', 'sugarContent': '4.8 g', 'sodiumContent': '749.2 mg', 'fatContent': '24.7 g', 'saturatedFatContent': '8.3 g', 'carbohydrateContent': '38.3 g', 'fiberContent': '9.1 g', 'proteinContent': '16.9 g'}"
,,,,,
Lunch,Summer Zucchini & Tomato Gratin,"['2 medium zucchini, sliced', '4 to 5 roma tomatoes, sliced', '2 Tbsp olive oil', '1 tsp garlic powder', '1 tsp onion powder', '1 tsp Italian seasoning', 'Salt and pepper, to taste', '1/3 cup grated parmesan cheese', '1/4 cup panko breadcrumbs', 'Fresh basil, optional']",30,"['Preheat oven to 375 degrees F.', 'Lightly coat an 8&#215;8 inch baking dish with cooking spray and arrange zucchini and tomato slices, alternating between the two.', 'Drizzle veggies with olive oil, sprinkle with garlic powder, onion powder, Italian seasoning, salt and pepper then top with parmesan cheese and bread crumbs. Cover with foil.', 'Bake in the oven for 25 to 30 minutes until veggies are tender then remove foil and bake an additional 10 minutes until lightly browned. Top with fresh basil (optional), serve immediately and enjoy!']","{'servingSize': '1/6th of recipe', 'calories': '120', 'sugarContent': '4.2 g', 'sodiumContent': '173.6 mg', 'fatContent': '1.3 g', 'saturatedFatContent': '0.7 g', 'carbohydrateContent': '12.7 g', 'fiberContent': '2.3 g', 'proteinContent': '3.5 g'}"
,,,,,
Lunch,Perfect Instant Pot Brown Rice,"['2 cups brown rice', '2 1/2 cups water (or chicken/vegetable broth)']",35,"['Combine rice and water in the bowl of your Instant Pot.', 'Close the lid and lock (making sure the valve is on sealing and not venting), select the Manual setting and set the timer for 22 minutes. Now let rice cook.', 'When done let the pressure release naturally for about 10 minutes. Fluff rice with a fork, serve and enjoy!']","{'servingSize': '1/2 cup', 'calories': '109', 'sugarContent': '0 g', 'sodiumContent': '1 mg', 'fatContent': '0.8 g', 'saturatedFatContent': '0.2 g', 'carbohydrateContent': '22.9 g', 'fiberContent': '1.8 g', 'proteinContent': '2.3 g'}"
,,,,,
Lunch,Ginger Soy Glazed Green Beans & Peppers,"['1 lb fresh or frozen green beans', '1 Tbsp olive oil', '1 large red bell pepper, sliced thin', '1 onion, sliced', '1/4 cup reduced-sodium soy sauce', '2 Tbsp sweet chili sauce', '1 Tbsp honey', '1 Tbsp grated ginger', '2 cloves garlic, minced']",12,"['Bring a large pot of salted water to a boil. Blanch the green beans in the boiling water until bright green and tender, about 2 to 3 minutes. Drain and immediately put the green beans in a bowl of ice water to stop the cooking process.', 'Meanwhile, heat a large skillet over medium heat and drizzle olive oil. Sauté the red bell pepper and onion, about 2 minutes, then add in the green beans. Sauté the green beans with the peppers and onions about 5 more minutes or until green beans start to soften and blister.', 'In a small bowl, whisk together soy sauce, sweet chili sauce, honey, ginger, and garlic and pour sauce over top of veggies in the skillet. Cook an additional 2 minutes making sure everything is coated, remove from heat and sprinkle with sesame seeds, if desired. Serve and enjoy!']","{'servingSize': '1/4th of recipe', 'calories': '130', 'sugarContent': '15.2 g', 'sodiumContent': '378 mg', 'fatContent': '3.8 g', 'saturatedFatContent': '0.6 g', 'carbohydrateContent': '23.3 g', 'fiberContent': '4.4 g', 'proteinContent': '2.8 g'}"
,,,,,
Lunch,"Roasted Sweet Potato, Quinoa and Kale Salad","['2 medium sweet potatoes, peeled and cubed', '1 Tbsp olive oil', '1 tsp. garlic powder', '1/2 tsp. onion powder', '1/2 tsp. oregano', '1/2 tsp. chipotle chili powder', '1/2 cup uncooked quinoa', '1/2 cup chicken broth (or you could use veggie broth or even just water)', '3 cups kale or mixed greens', '1/4 cup dried cranberries', '1 Tbsp red wine vinegar', '1 Tbsp apple cider vinegar', '2 Tbsp olive oil', '1 tsp. minced shallots', '1 Tbsp honey']",35,"['Preheat oven to 425 degrees F.', 'Rinse and peel sweet potatoes, chopping them into 1/4 inch cubes. Toss with olive oil, garlic powder, onion powder, oregano and chipotle chili powder until completely coated. Spread sweet potatoes out on prepared baking sheet in a single layer and roast in the oven for about 30 minutes, flipping them once.', 'While sweet potatoes are roasting, using a mesh strainer, thoroughly rinse the quinoa. Add a 1/2 cup of chicken (or veggie) broth to a small saucepan and add rinsed quinoa. Bring quinoa to a boil, cover and reduce heat and simmer for about 13 minutes. Remove from heat, keeping quinoa covered, and allow it to sit for about 5 minutes then fluff quinoa with a fork.', 'Combine kale, quinoa and cranberries in a large bowl and toss with dressing. Fold in roasted sweet potatoes, serve and enjoy!']","{'servingSize': '1 1/4 cups', 'calories': '299', 'sugarContent': '13.9 g', 'sodiumContent': '60.3 g', 'fatContent': '11.7 g', 'saturatedFatContent': '1.3 g', 'carbohydrateContent': '43.6 g', 'fiberContent': '6 g', 'proteinContent': '6.2 g'}"
,,,,,
Lunch,Cilantro Lime Cauliflower Rice,"['1 Tbsp olive oil', '1/2 cup onion, chopped', '2 cloves garlic, minced', '1 small jalapeño, chopped (optional)', '1 head cauliflower (3 cups cauliflower rice)', 'Salt and pepper, to taste', 'Juice of 1 lime', '1/3 cup fresh cilantro, chopped']",15,"['In a large skillet over medium heat, drizzle olive oil and sauté onion 3 to 4 minutes then add garlic and jalapeño, sautéing an additional minute.', 'Increase the heat to medium-high and add the riced cauliflower to the skillet, season with salt/pepper and cook until cauliflower is soft and tender, about 5 to 7 minutes, stirring frequently.', 'Remove cauliflower rice from heat and mix in the lime juice and cilantro. Serve and enjoy!']","{'servingSize': '1/2 cup', 'calories': '56', 'sugarContent': '1.9 g', 'sodiumContent': '156 mg', 'fatContent': '3.4 g', 'saturatedFatContent': '0.5 g', 'carbohydrateContent': '4 g', 'fiberContent': '1.3 g', 'proteinContent': '1.1 g'}"
,,,,,
Lunch,"Tomato, Cucumber & Chickpea Salad","['2 cups cherry tomatoes, halved', '2 cups cucumber, diced', '1 (15 oz) can chickpeas, drained and rinsed', '1/2 red onion, diced', '1 green bell pepper, diced', '1/4 cup fresh parsley, chopped', 'Salt and pepper, to taste', '2 Tbsp olive oil', '2 Tbsp fresh lemon juice', '1 Tbsp red wine vinegar', '1 tsp cumin', '2 cloves garlic, minced']",5,"['In a large bowl, combine tomatoes, cucumber, chickpeas, red onion and bell pepper; set aside.', 'In a smaller bowl, whisk together all the ingredients for the dressing and toss together with the salad. Mix in fresh parsley and season with salt and pepper as needed. Enjoy!']","{'servingSize': '1 heaping cup', 'calories': '160', 'sugarContent': '3.4 g', 'sodiumContent': '329 mg', 'fatContent': '5.6 g', 'saturatedFatContent': '0.8 g', 'carbohydrateContent': '23.3 g', 'fiberContent': '5 g', 'proteinContent': '5 g'}"
,,,,,
Lunch,Turkey Taco Lettuce Wraps,"['1 1/4 lb 99% fat-free lean ground turkey', '1 1/2 tsp chili powder', '1 tsp cumin', '1 tsp dried oregano', '1/4 tsp salt', '1 (15 oz) can diced tomatoes, drained', '1 (4.5 oz) can chopped green chiles', '1 cup fresh or frozen corn', '1 (15 oz) can black beans, drained and rinsed', '1/2 cup (or more) chunky salsa', '2 Tbsp chopped cilantro', 'Juice of half a lime', '12 butter lettuce leaves', 'Toppings (optional): shredded cheese, avocado, sour cream']",15,"['In a large skillet over medium heat, cook ground turkey until it begins to crumble and brown. Add chili powder, cumin and oregano and continue cooking until turkey is browned and completely cooked.', 'Stir in tomatoes, green chiles, corn, black beans, salsa and cilantro. Cook about 5 more minutes until heated through then mix in lime juice.', 'Add about 1/4 cup turkey mixture to each lettuce cup, add desired toppings and enjoy!']","{'servingSize': '2 lettuce cups + 1/4 cup turkey filling', 'calories': '194', 'sugarContent': '4.3 g', 'sodiumContent': '718.6 mg', 'fatContent': '1.4 g', 'saturatedFatContent': '0.1 g', 'carbohydrateContent': '24.4 g', 'fiberContent': '5.5 g', 'proteinContent': '23.3 g'}"
,,,,,
Lunch,Chimichurri Sauce,"['2 cups fresh parsley', '1/4 cup fresh basil', '1 shallot', '1/4 cup olive oil', '2 Tbsp red wine vinegar', '1 Tbsp lemon juice', '4 cloves garlic', '1/2 tsp sea salt', '1/4 tsp crushed red pepper flakes (or more if you like heat)']",5,"['Using a food processor or a blender, combine all the ingredients and blend until chopped. Cover and chill for at least two hours before serving. Enjoy!']","{'servingSize': '2 Tbsp', 'calories': '113', 'sugarContent': '0.3 g', 'sodiumContent': '15.1 mg', 'fatContent': '11 g', 'saturatedFatContent': '1.6 g', 'carbohydrateContent': '3.4 g', 'fiberContent': '0.9 g', 'proteinContent': '1.1 g'}"
,,,,,
Lunch,Chicken Tortilla Soup,"['1 Tbsp olive oil (if using Instant Pot or stove top)', '1 medium onion, chopped', '3 cloves garlic, minced', '1 (28 oz) can crushed tomatoes', '4 cups low sodium chicken broth', '1 (10 oz) can enchilada sauce (I used hot to give it a kick)', '1 (4.5 oz) can chopped green chiles', '1 Tbsp cumin', '1 Tbsp chili powder', '1 tsp. salt', '1/4 tsp. black pepper', '1 bay leaf', '1 (15 oz) can black beans, drained and rinsed', '1 cup fresh or frozen corn', '1 1/2 lb. boneless skinless chicken breasts (if using Instant Pot or slow cooker) or 3 cups shredded rotisserie chicken (if using stove top)', 'Juice of 1 lime', 'Toppings (optional): Cilantro, avocado, shredded cheese']",35,"['Drizzle olive oil in the bowl of your instant pot and turn on the sauté function. Once oil is simmering, sauté the onion for 3 to 4 minutes then add garlic, sautéing an additional minute. Then add the rest of the ingredients (except lime juice) and set the Instant Pot to the soup setting and set timer for 7 minutes. Once cooking is complete, let the instant pot sit for about 12 minutes then release the steam by placing the valve to the venting position. Remove chicken and shred using two forks, then return chicken to the pot and stir in lime juice.', 'In a 6-quart slow cooker, add chicken and the rest of the ingredients (except lime juice), cover and place on high for 3 to 4 hours or low 6 to 8 hours. Remove chicken and shred with two forks then add back into the slow cooker along with the lime juice.', 'In a large dutch oven or pot on medium high heat, drizzle oil and sauté onion for 3 to 4 minutes then add garlic, sautéing an additional minute. Add the rest of the ingredients (except for lime juice) and bring to a boil, then cover and simmer for about 30. Add lime juice and any additional toppings you prefer. Enjoy!']","{'servingSize': '1 1/2 cups', 'calories': '285', 'sugarContent': '5.6 g', 'sodiumContent': '1388.8 mg', 'fatContent': '5.1 g', 'saturatedFatContent': '1 g', 'carbohydrateContent': '26.7 g', 'fiberContent': '5.3 g', 'proteinContent': '32.4 g'}"
,,,,,
Lunch,Baked Asparagus with Mustard Dill Sauce,"['2 lb. asparagus spears, trimmed', '1 Tbsp olive oil', 'Salt and pepper, to taste', '1/2 cup low sodium chicken broth', '4 Tbsp dijon mustard', '1 Tbsp lemon juice', '2 cloves garlic, minced', '1 Tbsp chopped fresh dill']",25,"['Preheat oven to 425 degrees F.', 'Toss asparagus with olive oil and season with salt and pepper.\xa0 Arrange asparagus in a small baking dish or sheet pan and bake for 15 to 20 minutes, until crisp and tender.', 'While asparagus is baking, whisk together chicken broth, dijon mustard, lemon juice and garlic, season with salt and pepper, as needed.\xa0\xa0', 'Once the asparagus is done baking, transfer to a serving dish and drizzle with the mustard sauce.\xa0 Top with fresh dill, serve and enjoy!\xa0']","{'servingSize': '1/4th of recipe', 'calories': '70', 'sugarContent': '3.1 g', 'sodiumContent': '653.4 mg', 'fatContent': '0.6 g', 'saturatedFatContent': '0.1 g', 'carbohydrateContent': '10.2 g', 'fiberContent': '4.6 g', 'proteinContent': '5.7 g'}"
,,,,,
Lunch,Grilled Sausage & Apple Pizza with Goat Cheese,"['4 whole grain naan flatbreads', '2 Tbsp olive oil, for brushing', '1 (12 oz) package Aidells Chicken &amp; Apple Sausage', '2 cups thinly sliced apples (I used Fuji)', '8 oz goat cheese', '2 cups baby arugula', 'Salt and pepper, to taste', '1 Tbsp olive oil', '1 1/2 tsp. honey', '2 tsp. dijon mustard', '1 tsp. fresh lemon juice']",20,"['Preheat a grill or grill pan over medium high heat.', 'Brush each naan flatbread on both sides with olive oil and place on the grill for 2 to 3 minutes on each side, until you see some char marks.', 'While the naan is grilling, cook the sausages for 8 to 10 minutes until heated through, turning occasionally. Remove from grill and cut into 1/2-inch slices.', 'When the naan is ready, top with goat cheese (2 oz on each flatbread), apple slices and chicken sausage and grill for an additional 4 to 6 minutes until cheese is slightly melted.', 'To make the honey vinaigrette, whisk together olive oil, honey, dijon mustard and lemon juice and set aside.', 'Remove pizzas from the grill, top with fresh arugula and drizzle each with honey vinaigrette. Season with salt and pepper, if desired. Serve and enjoy!']","{'servingSize': '1/2 flatbread', 'calories': '410', 'sugarContent': '9.8 g', 'sodiumContent': '961.5 mg', 'fatContent': '21.6 g', 'saturatedFatContent': '8.3 g', 'carbohydrateContent': '36.4 g', 'fiberContent': '6.3 g', 'proteinContent': '17.3 g'}"
,,,,,
Lunch,Asian Shrimp Salad with Ginger Sesame Dressing,"['1 lb. shrimp, peeled and deveined', '1 Tbsp olive oil', '2 Tbsp chili paste', '3 Tbsp ginger sesame dressing (see below)', '2 Tbsp lime juice', '3 cups shredded napa cabbage', '2 cups shredded red cabbage', '1 cup shredded carrots', '1 cup sugar snap peas, thinly sliced', '1/4 cup fresh cilantro, chopped', '2 Tbsp fresh mint, chopped', '2 Tbsp rice vinegar', '1 Tbsp reduced sodium soy sauce', '1 clove garlic', '1 Tbsp honey', '1 Tbsp fresh ginger, peeled and minced', '¼ tsp. toasted sesame oil', '3 Tbsp olive oil']",12,"['Preheat oven to 400 degrees F.', 'Toss shrimp with olive oil on a large baking sheet and bake for about 5 to 7 minutes, until shrimp are pink and cooked through. Remove from oven and set aside.', 'To make the ginger sesame dressing, combine all ingredients in a small jar with a sealed lid and shake well until combined. I also use this jar to store any extra dressing to use for the week.', 'To make the sauce for the shrimp, whisk together chili paste, 3 tablespoons of the ginger sesame dressing and lime juice. Add cooked shrimp and toss to combine; set aside.', 'For the salad, combine shredded cabbage, carrots, snap peas, cilantro and mint in a large bowl and toss with the extra ginger sesame dressing. Top with cooked shrimp and enjoy!', 'If making this salad for lunches, store the dressing in a sealed jar and drizzle over salad just before eating so salad stays fresh.']","{'servingSize': '2 cups salad + 5 shrimp', 'calories': '208', 'sugarContent': '7 g', 'sodiumContent': '204.6 mg', 'fatContent': '8.6 g', 'saturatedFatContent': '0.3 g', 'carbohydrateContent': '15.1 g', 'fiberContent': '3.2 g', 'proteinContent': '19 g'}"
,,,,,
Lunch,Sweet Potato & Black Bean Quinoa Bake,"['4 cups sweet potatoes (1/2-inch cubes)', '1 (15 oz) can black beans, drained and rinsed', '1 cup uncooked quinoa, rinsed', '1 cup frozen corn, thawed', '2 cups vegetable broth', '1 tsp. chili powder', '2 tsp. cumin', '1 tsp. garlic salt', '1/2 tsp. dried thyme', '1/2 cup green onions, chopped']",1H5,"['Preheat oven to 375 degrees F.', 'Combine all ingredients, except for the green onions, in a 9&#215;13 baking dish sprayed with cooking spray and bake, covered with tin foil, for 45 minutes.', 'Remove tin foil and continue baking for an additional 15 to 20 minutes until liquid is mostly absorbed and the potatoes are tender.', 'Remove from oven and let the casserole sit for 5 minutes so that any remaining liquid can be fully absorbed and sprinkle with green onions. Serve and enjoy!']","{'servingSize': '1 1/4 cups', 'calories': '273', 'sugarContent': '6.6 g', 'sodiumContent': '991.8 mg', 'fatContent': '2.5 g', 'saturatedFatContent': '0.1 g', 'carbohydrateContent': '55.8 g', 'fiberContent': '10 g', 'proteinContent': '11 g'}"
,,,,,
Lunch,Moroccan Salmon Foil Packets with Carrot Noodles & Chickpeas,"['4 (6 oz) salmon fillets, fresh or frozen, thawed', 'Salt and pepper, to taste', '2 large carrots, peeled and spiralized', 'Optional toppings: 1 to 2 Tbsp chopped cilantro', '1 (14.5 oz) can chickpeas, drained and rinsed', '1 tsp olive oil', '½ tsp sea salt', '½ tsp cumin', '½ tsp smoked paprika', '3 Tbsp harissa (mild or spicy, depending on your preference)', '1 Tbsp olive oil', '1 Tbsp fresh lemon juice', '1 ½ tsp fresh ginger, grated', '1 Tbsp honey', '3 cloves garlic, minced', '1 tsp. smoked paprika']",35,"['Preheat oven to 400 degrees F.', 'While oven is pre-heating, spiralize the carrots into noodles and toss chickpeas with olive oil, sea salt, cumin and smoked paprika until completely coated.', 'Using four pieces of heavy duty foil (18&#215;12 in. each), evenly distribute carrot noodles and chickpeas in the center of each piece. Season salmon fillets with salt and pepper and place (skin side down) on top of the carrot noodles and chickpeas, making four foil packets.', 'In a small bowl, whisk together harissa, olive oil, lemon juice, ginger, honey, garlic and smoked paprika, until combined, and spoon sauce over top of each salmon fillet.', 'Fold the sides of the foil together to seal, covering the fish completely. Place foil packets on a large baking sheet and bake in the oven for about 20 minutes, or until salmon is cooked through. Unwrap foil, top with chopped cilantro and enjoy!']","{'servingSize': '1 foil packet', 'calories': '469', 'sugarContent': '6.6 g', 'sodiumContent': '715 mg', 'fatContent': '14.4 g', 'saturatedFatContent': '2.1 g', 'carbohydrateContent': '33.5 g', 'fiberContent': '6.1 g', 'proteinContent': '49.2 g'}"
,,,,,
Lunch,Spicy Chickpea and Quinoa Bowls,"['1 cup uncooked quinoa', '2 cups vegetable broth', '1 Tbsp olive oil', '3 cloves garlic, minced', '1 onion, chopped', '2 (15 oz) cans chickpeas, drained and rinsed', '1 (15 oz) can diced tomatoes', '1 Tbsp tomato paste', '1 tsp. cumin', '1/2 tsp. red pepper flakes (or more if you like a lot of heat!)', '1/2 tsp. salt', '1/4 tsp. black pepper', 'Fresh cilantro, garnish (optional)']",40,"['To make quinoa, rinse and soak for about 10 minutes in warm water. Bring 2 cups of vegetable broth to a boil in a small saucepan, drain quinoa and add to boiling broth. Cover and reduce heat to a simmer, cooking for about 15 to 20 minutes. Turn off heat and allow quinoa to sit for 5 minutes, then fluff with a fork; set aside.', 'In a large skillet over medium-high heat, drizzle olive oil and sauté onion and garlic until fragrant, about 3 minutes. Add the chickpeas, tomatoes and the rest of the ingredients (minus the cilantro), stirring to combine.', 'Cover the pan and simmer for about 10 minutes, stirring occasionally.', 'To assemble the bowls, place 1/2 cup quinoa in each bowl and top with a heaping 1/2 cup of the chickpea mixture. Top with a little cilantro and enjoy!']","{'servingSize': '1/2 cup quinoa + 1/2 cup chickpea mixture', 'calories': '343', 'sugarContent': '2.2 g', 'sodiumContent': '1,100.8 mg', 'fatContent': '5.9 g', 'saturatedFatContent': '0.5 g', 'carbohydrateContent': '62.1 g', 'fiberContent': '10.2 g', 'proteinContent': '12.4 g'}"
,,,,,
Lunch,Beef and Tomato Stew,"['1 Tbsp olive oil (if searing the meat first)', '2 lb. cubed stew beef', '2 (15 oz) cans stewed tomatoes', '1 (6 oz) can tomato paste', '4 cups beef broth', '1 Tbsp Worcestershire sauce', '1 medium onion, chopped', '3 large carrots, sliced', '3 ribs celery, chopped', '1 cup fresh or frozen peas', '1 lb. baby potatoes', '1 tsp. salt', '1/2 tsp. pepper', '2 tsp. garlic powder', '1 Tbsp fresh thyme (or 1 tsp dried)', '2 tsp fresh rosemary (or 1/2 tsp dried)', '1 bay leaf']",-447957H25M31,"['To make in your instant pot: Drizzle olive oil in the bowl of your instant pot and turn on the sauté function. Wait until it&#8217;s nice and heated then add meat, browning on all sides. Add the rest of your ingredients, seal the instant pot and select the meat/stew setting (about 35 minutes). Once cooking is complete, let the instant pot sit for about 12 minutes then release the steam by placing the valve to the venting position.', 'To make in your slow cooker: Add cubed beef (except the oil) along with the rest of ingredients, cover and cook on low for 7 to 8 hours.', 'To make on your stove top: In a large dutch oven or pot on medium high heat, drizzle oil and sear meat on all sides. Add the rest of the ingredients and bring to a boil, then cover and simmer for about 2 to 3 hours, until meat is tender. Serve and enjoy!']","{'servingSize': '1½ cups', 'calories': '325', 'sugarContent': '9.6 g', 'sodiumContent': '888.1 mg', 'fatContent': '13.3 g', 'saturatedFatContent': '5 g', 'carbohydrateContent': '24.2 g', 'fiberContent': '4.8 g', 'proteinContent': '27.3 g'}"
,,,,,
Lunch,Turmeric Ginger Grilled Chicken,"['4 boneless, skinless chicken breasts', '1/2 cup canned coconut milk', '1 Tbsp olive oil', '2 cloves garlic', '1 tsp. turmeric', '1 Tbsp ginger, grated', '1 tsp. ground coriander', '1/2 tsp. cumin', '1/2 tsp. salt', '1 Tbsp fresh lime juice']",15,"['Place chicken in a large ziplock bag or bowl.', 'To make the marinade, whisk together coconut milk, olive oil, garlic, turmeric, ginger, coriander, cumin, salt and lime juice until combined. Pour marinade over top of chicken until completely coated and seal.', 'Marinate chicken in the fridge for at least an hour, but best overnight.', 'Pre-heat grill on medium-high heat, making sure to lightly spray with oil to avoid sticking. Grill chicken, covered, for about 5-6 minutes on each side until cooked through and juices run clear.', 'Top with additional lime juice if desired and enjoy!']","{'servingSize': '1 chicken breast', 'calories': '320', 'sugarContent': '0.1 g', 'sodiumContent': '425.5 mg', 'fatContent': '11.6 g', 'saturatedFatContent': '6.6 g', 'carbohydrateContent': '2.7 g', 'fiberContent': '0.4 g', 'proteinContent': '47.9 g'}"
,,,,,
Lunch,Pesto Flatbread Pizzas,"['2 whole grain naan flatbreads', '1 Tbsp Alessi garlic purée', '1/2 cup pesto', '6 slices fresh mozzarella, 1/3-inch thick', '1/2 lb tomatoes (I used a variety), thinly sliced', '1/2 cup sun dried tomatoes', 'Salt and pepper, to taste', '2 cups arugula', 'Fresh basil leaves, torn', 'Red pepper flakes, to taste']",15,"['Preheat oven to 425 degrees F.', 'Brush the flatbreads with garlic purée and place in oven for about 3 to 5 minutes just to crisp up.', 'Spread pesto evenly over flatbreads and top with slices of mozzarella and tomatoes. Season with salt and pepper and place flatbreads in the oven on a prepared baking sheet for 10 to 13 minutes, until cheese is bubbling and edges are crisp.', 'Remove from oven and top with arugula, fresh basil and red pepper flakes, if desired. Slice and enjoy!']","{'servingSize': '1/2 flatbread', 'calories': '386', 'sugarContent': '7.2 g', 'sodiumContent': '1,163.3 mg', 'fatContent': '19.2 g', 'saturatedFatContent': '5.9 g', 'carbohydrateContent': '37.1 g', 'fiberContent': '5.8 g', 'proteinContent': '16.7 g'}"
,,,,,
Lunch,Turkey Chili,"['2 lbs 99% fat-free ground turkey', '1 yellow onion, chopped', '5 cloves garlic, minced', '1 Tbsp olive oil', '1 (28 oz) can crushed tomatoes, no-salt added', '1 (15 oz) can petite diced tomatoes, no-salt added', '3 Tbsp tomato paste', '1/2 tsp. hot sauce (I used Texas Pete)', '1 (15 oz) can kidney beans, no-salt added, drained and rinsed', '1 red bell pepper, chopped', '1 green bell pepper, chopped', '2 jalapenos, chopped', '1 1/2 tsp. sea salt', 'Pinch of pepper', '1 packet Stevia', '3 Tbsp chili powder', '2 tsp. oregano', '1/8 tsp. cayenne pepper']",1H5,"['Drizzle olive oil in a large pot and saute onion and garlic until fragrant, about 3 minutes. Add ground turkey and cook until crumbled and brown, draining excess liquid as necessary.', 'Add all the rest of the ingredients and cook on medium/low heat for about an hour. Enjoy!']","{'servingSize': '1 cup', 'calories': '262', 'sugarContent': '4.8 g', 'sodiumContent': '1,261.7 mg', 'fatContent': '3.6 g', 'saturatedFatContent': '0.1 g', 'carbohydrateContent': '25.9 g', 'fiberContent': '7.7 g', 'proteinContent': '34.6 g'}"
,,,,,
Lunch,Creamy Tomato Hummus Detox Soup,"['1 Tbsp olive oil', '1 yellow onion, chopped', '2 stalks celery, chopped', '1 cup baby carrots, halved', '5 cloves garlic, minced', '2 Tbsp fresh ginger, grated', '1 1/2 cups vegetable broth', '2 (28 oz) cans whole tomatoes', '1/2 cup traditional hummus (or roasted garlic)', '1 (13.5 oz) can coconut milk', '1 tsp. salt', '1/2 tsp. turmeric', '2 tsp paprika', '2 to 3 sprigs of thyme', '1 (15 oz) can chickpeas, rinsed and drained', '1 Tbsp olive oil', '1 tsp. cumin', '1/2 tsp. chili powder', '1/4 tsp. paprika', '1/2 tsp. sea salt']",40,"['In a large pot or dutch oven, heat oil over medium-high heat and sauté onion, celery and carrots, stirring occasionally, about 5 minutes. Add garlic and ginger, cooking an additional 3 minutes, until fragrant.', 'Pour in the vegetable broth along with the rest of the ingredients, mixing well, and bring to a boil. Turn down the heat, cover and allow soup to simmer for about 20 to 30 minutes.', 'To make the spiced chickpeas: After draining and rinsing, pat them dry using paper towels. In a large bowl, drizzle olive oil over chickpeas and add seasonings, tossing until chickpeas are completely coated. Spread chickpeas out on a prepared baking sheet and roast in oven at 400 degrees F for 25 to 30 minutes, shaking pan halfway through.', 'After about 30 minutes, transfer soup to a blender or food processor (you may need to do this in small batches) and blend until smooth, adjusting the seasonings as-needed.', 'Pour soup into bowls and top with crunchy chickpeas. Serve and enjoy!']","{'servingSize': '1 1/2 cups', 'calories': '304', 'sugarContent': '7.7 g', 'sodiumContent': '771.5 mg', 'fatContent': '20.8 g', 'saturatedFatContent': '14.4 g', 'carbohydrateContent': '21.1 g', 'fiberContent': '4.5 g', 'proteinContent': '5.8 g'}"
,,,,,
Lunch,Hummus Crusted Salmon with Lemon Arugula Salad,"['4 (6 oz) Alaska salmon fillets, fresh or frozen, thawed', 'Salt and pepper, to taste', '1/4 cup hummus (I used roasted garlic)', '1/2 cup whole wheat panko', '1/4 cup grated parmesan cheese', '2 tsp. fresh thyme, chopped', '1/4 cup grass fed butter, melted', '1 1/2 Tbsp Dijon mustard', '2 tsp. honey', '4 cups arugula', '2 1/2 Tbsp lemon juice', '1/2 tsp. lemon zest', '1 tsp. honey', '2 Tbsp olive oil', 'Pinch of salt &amp; cracked black pepper, to taste']",25,"['Preheat oven to 375 degrees F.', 'Place salmon fillets on a prepared baking sheet and season with salt and pepper. Spread a thin layer of hummus (about a tablespoon each) over each fillet.', 'In a small bowl, combine panko, parmesan cheese and thyme while in another bowl whisk together butter, Dijon and honey. Pour butter mixture over the panko and mix well. Evenly distribute the panko mixture on top of each salmon fillet, pressing firmly into the salmon.', 'Bake salmon for 20 minutes or until salmon flakes easily with a fork. While salmon is baking, whisk together lemon juice, zest, honey, olive oil and salt and pepper and toss with the arugula.', 'Serve salmon fillets with lemon arugula salad and enjoy!']","{'servingSize': '1 salmon fillet + 1 cup arugula', 'calories': '477', 'sugarContent': '5.2 g', 'sodiumContent': '441.2 mg', 'fatContent': '26.1 g', 'saturatedFatContent': '10.9 g', 'carbohydrateContent': '14 g', 'fiberContent': '1.8 g', 'proteinContent': '47.7 g'}"
,,,,,
Lunch,Coconut Lime Cilantro Quinoa,"['1 cup uncooked quinoa', '1 (13.5 oz) can coconut milk', '2 tsp. honey', '1/4 cup cilantro, chopped', 'Juice of 1 lime', 'Pinch of salt']",20,"['Rinse and soak quinoa for about 10 minutes in warm water.', 'In a medium saucepan, whisk together coconut milk and honey then add in rinsed quinoa. Bring to a boil, then cover and reduce heat to a simmer, cooking for about 15 to 20 minutes or until all liquid is absorbed. Turn heat off and allow quinoa to sit for 5 minutes before fluffing with a fork.', 'Once quinoa is cooked, mix in cilantro, lime juice and pinch of salt until combined, serve and enjoy!']","{'servingSize': '3/4 cup', 'calories': '236', 'sugarContent': '5.2 g', 'sodiumContent': '111.4 mg', 'fatContent': '7.3 g', 'saturatedFatContent': '3.5 g', 'carbohydrateContent': '37.4 g', 'fiberContent': '5.1 g', 'proteinContent': '6.1 g'}"
,,,,,
Lunch,Loaded Veggie Pasta Salad with Sweet Basil Vinaigrette,"['8 oz. whole wheat spaghetti', '2 medium zucchini, spiralized', '1 Tbsp olive oil', '3 cloves garlic, minced', '2 cups fresh or frozen peas, thawed', '1 bunch thin asparagus, trimmed and cut into 1 1/2-inch pieces', '1/4 cup freshly grated Parmesan cheese', '4 slices bacon, cooked and crumbled', '1/2 cup fresh basil leaves', '2 Tbsp white wine vinegar', '2 tsp. Dijon mustard', '2 tsp. honey', '1 tsp. minced shallots', '1/2 tsp. salt', '1/4 cup olive oil']",15,"['Bring a large pot of salted water to a boil and cook spaghetti according to package directions. Drain and set aside.', 'While the water is boiling this is when you can make the vinaigrette: combine basil, vinegar, Dijon mustard, honey, shallots, salt and olive oil in your blender and blend for about 30 seconds to a minute; set aside.', 'In a large skillet over medium heat, drizzle olive oil and sauté garlic, peas and asparagus until garlic is fragrant and veggies are tender, about 3 to 5 minutes. Then add zucchini noodles and cook an additional 1 to 2 minutes.', 'In a large bowl toss together warm spaghetti, zucchini noodles, veggies and Parmesan cheese with the basil vinaigrette. Top with crumbled bacon, serve and enjoy!']","{'servingSize': '1/6th of recipe', 'calories': '229', 'sugarContent': '6.6 g', 'sodiumContent': '367 mg', 'fatContent': '12.1 g', 'saturatedFatContent': '2.4 g', 'carbohydrateContent': '23.2 g', 'fiberContent': '4.8 g', 'proteinContent': '9.2 g'}"
,,,,,
Lunch,5 Minute Pea & Arugula Pesto Pasta Salad,"['1 (8.5 oz) package Barilla Ready Pasta (I used rotini)', '2 cups loosely packed arugula leaves', '1 cup fresh or frozen peas, thawed', '1 cup packed arugula leaves', '1/2 cup fresh or frozen peas, thawed', '1 Tbsp mint leaves', '2 cloves garlic', '2 Tbsp pine nuts', '2 Tbsp freshly grated Parmesan cheese', '1 1/2 Tbsp lemon juice', '1/2 tsp. sea salt', '1/4 tsp. black pepper', '3 Tbsp olive oil']",0,"['Tear the top of the Barilla Ready Pasta pouch and place it in the microwave for 60 seconds.', 'In the bowl of your food processor, add arugula, peas, mint leaves, garlic, pine nuts, Parmesan cheese, lemon juice and salt/pepper and pulse until finely chopped. Then with the motor still running, add olive oil in a slow stream until emulsified and creamy. (If you like your pesto thinner, add a little water)', 'In a large bowl, toss together warm pasta with pesto, arugula and peas. Season with cracked pepper and a little Parmesan, serve and enjoy!']","{'servingSize': '1/4th of recipe', 'calories': '286', 'sugarContent': '4.7 g', 'sodiumContent': '441.7 g', 'fatContent': '15.1 g', 'saturatedFatContent': '2.3 g', 'carbohydrateContent': '31.3 g', 'fiberContent': '4.5 g', 'proteinContent': '8.6 g'}"
,,,,,
Lunch,One Skillet Cashew Chicken Stir Fry,"['1 Tbsp olive oil', '1 lb boneless skinless chicken breasts, cut into 1-inch pieces', 'Salt and pepper, to taste', '3 cloves garlic, minced', '2 cups broccoli florets', '1 red bell pepper, julienned', '1 cup sugar snap peas', '1/2 cup carrots, julienned', '1/3 cup unsalted cashews', '4 green onions, chopped', '4 Tbsp tamari (or soy sauce)', '3 Tbsp all-natural peanut butter', '2 Tbsp honey', '1 tsp. sesame oil', '1 Tbsp grated ginger', '2 or 3 Tbsp water']",15,"['To make the sauce, whisk together tamari (or soy sauce), peanut butter, honey, sesame oil, and grated ginger in a small bowl. Whisk in 2 or 3 tablespoons of water, depending on the consistency you prefer, and set aside.', 'In a large skillet over medium heat, drizzle olive oil and add chicken. Season with salt and pepper and sauté until lightly browned, about 4 to 5 minutes. Add the garlic and sauté for about 30 seconds, mixing it with the chicken.', 'Add broccoli, bell pepper, snap peas and carrots to the skillet, incorporating everything together. Cook an additional 5 minutes, until veggies are tender and chicken is cooked through, then add cashews and green onions and drizzle the peanut sauce over top.', 'Mix everything together with the sauce, coating well, and cook for one more minute. Serve and enjoy!']","{'servingSize': '1/6th of recipe', 'calories': '246', 'sugarContent': '8.8 g', 'sodiumContent': '805.6 mg', 'fatContent': '10 g', 'saturatedFatContent': '1.4 g', 'carbohydrateContent': '15.5 g', 'fiberContent': '2.6 g', 'proteinContent': '5.7 g'}"
,,,,,
Lunch,Honey Sriracha Glazed Meatballs,"['2 lb. lean ground turkey', '1 cup whole wheat panko breadcrumbs', '2 eggs', '1/4 cup green onions, chopped', '1/2 tsp. garlic powder', '1/2 tsp. salt', '1/2 tsp. black pepper', '1/4 cup Sriracha', '3 Tbsp reduced-sodium soy sauce', '3 Tbsp rice vinegar', '3 Tbsp honey', '1 Tbsp grated fresh ginger', '3 cloves garlic, minced', '1/2 tsp. toasted sesame oil']",30,"['Preheat oven to 375 degrees F.', 'In a large bowl, mix together turkey, breadcrumbs, eggs, green onions, garlic powder and salt/pepper until well combined. Shape mixture into 1 1/2-inch balls (you&#8217;ll make roughly 40 balls) and place spaced apart on prepared baking sheets lightly sprayed with cooking spray.', 'Bake meatballs for 20 to 25 minutes, or until browned and cooked through.', 'While the meatballs are baking, combine all the ingredients for the sauce in a small saucepan and bring to a boil over medium heat, whisking continuously. Reduce heat and simmer for 8 to 10 minutes (the sauce will start to thicken) then toss with the meatballs.', 'Serve immediately over brown rice and top with green onions and a few sesame seeds. Enjoy!']","{'servingSize': '5 meatballs', 'calories': '296', 'sugarContent': '9 g', 'sodiumContent': '648.9 mg', 'fatContent': '10.8 g', 'saturatedFatContent': '3.2 g', 'carbohydrateContent': '18.7 g', 'fiberContent': '1.4 g', 'proteinContent': '26.9 g'}"
,,,,,
Lunch,Caribbean Jerk Shrimp with Cauliflower Rice,"['10 oz. large shrimp, peeled and deveined', '2 Tbsp olive oil', '2 Tbsp red wine vinegar', '2 Tbsp fresh squeezed orange juice', '1 Tbsp brown sugar, packed', '1 Tbsp reduced-sodium soy sauce (green top)', '2 Tbsp green onions, chopped', '1 Tbsp jalapeño, seeded and finely chopped', 'Lime wedges, if desired', '1/2 tsp. garlic powder', '1/4 tsp. onion powder', '1/4 tsp. dried thyme', '1/2 tsp. paprika', '1/8 tsp. allspice', '1/8 tsp. nutmeg', '1/4 tsp. cayenne pepper', '1/8 tsp. sea salt', '1 Tbsp olive oil', '1 green bell pepper, chopped', '1 jalapeño, seeded and finely chopped', '1 cup fresh pineapple, chopped', '4 cups cauliflower rice', '1 tsp. garlic powder', '1/4 tsp. sea salt', '1/4 tsp. pepper', '1/8 tsp. cinnamon', '1/4 cup fresh squeezed orange juice', '1 (15 oz) can no-salt-added red kidney beans', '2 Tbsp cilantro, chopped']",30,"['To make the marinade, in a medium bowl whisk together olive oil, red wine vinegar, orange juice, brown sugar, soy sauce, green onions, jalapeño and jerk seasoning. Add shrimp to the bowl and allow them to marinate for about 30 minutes.', '*Note: if using wooden skewers for the shrimp make sure they soak in water for about 30 minutes as well.', 'To make the cauliflower rice, heat a large skillet over medium heat and drizzle in olive oil. Add bell pepper, jalapeño and pineapple and sauté until tender, about 3 to 5 minutes. Then add cauliflower rice and stir in garlic powder, salt/pepper, cinnamon, orange juice. Cook for about 5 minutes then add the kidney beans, cooking an additional 2 minutes. Remove from heat and mix in chopped cilantro.', 'Thread shrimp onto soaked wooden skewers (reserving the marinade) and grill, covered, over medium heat for about 4 to 6 minutes until shrimp are opaque and cooked through, turning once.', 'In a small bowl, bring the reserved marinade to a boil over medium-high heat. Reduce heat and simmer, uncovered, for about 10 minutes.', 'Brush glaze over top of the grilled shrimp skewers and serve over cauliflower rice with lime wedges. Enjoy!']","{'servingSize': '1/4th of recipe', 'calories': '324', 'sugarContent': '11.4 g', 'sodiumContent': '734.1 mg', 'fatContent': '12.6 g', 'saturatedFatContent': '0.8 g', 'carbohydrateContent': '35.9 g', 'fiberContent': '10.7 g', 'proteinContent': '23.9 g'}"
,,,,,
Lunch,Spicy Tuna Avocado Wrap,"['2 (5 oz) cans Bumble Bee® Solid White Albacore Tuna, drained', '1 avocado', '2 Tbsp Sriracha', '1 Tbsp Dijon mustard', '2 to 3 Tbsp celery, chopped', '2 Tbsp red onion, chopped', '2 green onions, chopped', '1 Tbsp fresh cilantro, chopped', 'Salt and pepper, to taste', '2 heaping cups leafy green lettuce', '1 cup matchstick carrots', '4 (10 inch) whole wheat tortillas']",5,"['In a medium bowl, mash together tuna and avocado until combined. Add in the rest of the ingredients through the salt and pepper, mixing well.', 'To assemble, top each tortilla with a 1/2 cup leafy greens, 1/4 cup matchstick carrots and divide the tuna mixture evenly among the wraps. Tightly roll up the tortilla, slice and enjoy!']","{'servingSize': '1 wrap', 'calories': '296', 'sugarContent': '4 g', 'sodiumContent': '804.4 mg', 'fatContent': '9.6 g', 'saturatedFatContent': '2 g', 'carbohydrateContent': '28.2 g', 'fiberContent': '5.9 g', 'proteinContent': '18.2 g'}"
,,,,,
Lunch,Roasted Chickpea Kale Salad with Tahini Dressing,"['6 cups kale, roughly chopped or torn', '1 (15 oz) can chickpeas, rinsed and drained', '1 to 2 Tbsp olive oil', '1 tsp. cumin', '1/2 tsp. chili powder', '1/4 tsp. paprika', '1/2 tsp. sea salt', '1/4 cup tahini', '1/4 cup lemon juice', '1 tsp. lemon zest', '1 Tbsp honey (or maple syrup for vegan)', '3 cloves garlic, minced', '1 tsp. fresh ginger', '2 Tbsp olive oil', 'Salt and pepper, to taste']",30,"['Preheat oven to 400 degrees F.', 'Rinse and drain chickpeas, patting them dry using paper towels. In a large bowl, drizzle olive oil over chickpeas and add seasonings, tossing until chickpeas are completely coated. Spread chickpeas out on a prepared baking sheet and roast in oven for 25 to 30 minutes, shaking pan halfway through.', 'While the chickpeas are roasting, whisk together tahini, lemon juice, zest, honey, garlic, ginger, olive oil and salt/pepper. Right before serving, toss tahini dressing with the kale and top with roasted chickpeas. Serve and enjoy!']","{'servingSize': '1/4th of recipe', 'calories': '363', 'sugarContent': '5 g', 'sodiumContent': '597.1 mg', 'fatContent': '19.7 g', 'saturatedFatContent': '2.7 g', 'carbohydrateContent': '39.3 g', 'fiberContent': '7.4 g', 'proteinContent': '10 g'}"
,,,,,
Lunch,Sheet Pan Lemon Rosemary Chicken & Potatoes,"['3 Tbsp olive oil, divided', '1 Tbsp lemon juice', 'Zest of 1 lemon', '2 cloves garlic, minced', '1 Tbsp fresh rosemary, chopped', '1 Tbsp fresh thyme, chopped', '1 1/2 tsp. sea salt', '1 tsp. black pepper', '4 boneless, skinless chicken breasts', '3 cups baby red potatoes, quartered', '1 lb. fresh green beans']",30,"['Preheat oven to 400 degrees F.', 'In a small bowl, whisk together 2 tablespoons olive oil, lemon juice, zest, garlic, rosemary, thyme, salt and pepper. In a separate bowl toss together potatoes with tablespoon olive oil and season with additional salt and pepper, if desired.', 'On a large baking sheet lightly sprayed with oil, arrange chicken breasts, potatoes and green beans and drizzle herb mixture over top, using a brush or your hands to make sure everything is evenly coated.', 'Place the pan in the oven and roast for 25 to 30 minutes, depending on the size of your breasts. Chicken should have an internal temp of 165 degrees F, potatoes should be tender and green beans nice and crisp! Feel free to turn the broiler on for a couple minutes if you like your potatoes a bit more crisp.', 'Serve and enjoy!']","{'servingSize': '1/4th of recipe', 'calories': '396', 'sugarContent': '5.5 g', 'sodiumContent': '967.4 mg', 'fatContent': '15 g', 'saturatedFatContent': '2.7 g', 'carbohydrateContent': '26.5 g', 'fiberContent': '5.2 g', 'proteinContent': '39.4 g'}"
,,,,,
Lunch,Crock Pot Salsa Chicken,"['4 large boneless, skinless chicken breasts', 'Salt and pepper', '2 cups favorite salsa']",-447957H17M9,"['Place chicken breasts in your crock pot, season with a little salt and pepper and cover completely with salsa. Set crock pot on the low setting and cook for 4 1/2 hours.', 'Place chicken in a bowl and strain out just the salsa, not the juice. Shred chicken using two forks and mix in strained salsa. Enjoy!']","{'servingSize': '1 cup', 'calories': '160', 'sugarContent': '4 g', 'sodiumContent': '414.7 mg', 'fatContent': '2.7 g', 'saturatedFatContent': '0.8 g', 'carbohydrateContent': '8 g', 'fiberContent': '2.7 g', 'proteinContent': '24.8 g'}"
,,,,,
Lunch,Slow Cooker White Chicken &amp; Quinoa Chili,"['1½ lb. boneless skinless chicken breasts', '1 cup uncooked quinoa', '1 medium onion, chopped', '2 large celery stalks, chopped', '1 jalapeño, de-seeded and chopped', '4 cloves garlic, minced', '2 (4.5 oz) cans diced green chiles', '1 (15 oz) can cannellini beans, drained and rinsed', '1 cup frozen corn', '4 cups low-sodium chicken broth', 'Juice of 1 lime', '1 Tbsp cumin', '1/2 tsp. dried oregano', '1 bay leaf', '1 1/2 tsp. salt', '1/4 tsp. pepper', 'Toppings (optional): Cilantro, avocado, shredded cheese']",-447957H22M3,"['In a 6-quart slow cooker, add chicken and the rest of ingredients, cover and place on high for 3 to 4 hours or low 6 to 8 hours.', 'Remove chicken and shred with two forks then add back into the slow cooker. Season with additional salt and seasonings if needed.', 'Spoon chili into bowls and top with favorite toppings, enjoy!']","{'servingSize': '1 1/2 cups', 'calories': '322', 'sugarContent': '2.9 g', 'sodiumContent': '1,276.8 mg', 'fatContent': '2 g', 'saturatedFatContent': '0 g', 'carbohydrateContent': '40.1 g', 'fiberContent': '6.6 g', 'proteinContent': '9.5 g'}"
,,,,,
Lunch,Detox Immune-Boosting Soup,"['2 Tbsp olive oil', '1 onion, chopped', '3 large celery stalks, chopped', '2 large carrots, peeled and chopped', '1 cup mushrooms, sliced', '10 cloves garlic, minced', '8 cups chicken stock', '2 bay leaves', '1/2 tsp. turmeric', '1/2 tsp. crushed red pepper', '1 1/2 tsp. sea salt', '1 (15 oz) can chickpeas, drained and rinsed', '3 cups shredded rotisserie chicken', '2 cups baby kale leaves']",35,"['In a large pot or dutch oven, heat oil over medium-high heat and sauté onion, celery and carrots, stirring occasionally, about 5 minutes. Add mushrooms and garlic, cooking another 3 minutes.', 'Stir in the chicken stock, bay leaves, turmeric, crushed red pepper, salt and chickpeas; bringing to a boil. Mix in shredded chicken, cover and turn down heat to a simmer for 15 to 20 minutes.', 'Add kale, cover and simmer an additional 5 minutes. Discard bay leaves, serve and enjoy!']","{'servingSize': '1 1/2 cups', 'calories': '249', 'sugarContent': '3.5 g', 'sodiumContent': '1,714.3 mg', 'fatContent': '10.2 g', 'saturatedFatContent': '2.2 g', 'carbohydrateContent': '20.6 g', 'fiberContent': '4.1 g', 'proteinContent': '18 g'}"
,,,,,
Lunch,Perfectly Roasted Broccoli &amp; Sweet Potatoes,"['2 large sweet potatoes, peeled and diced (about 8 cups)', '2 large heads broccoli, chopped (about 8 cups)', '2 to 3 Tbsp olive oil', '3/4 tsp. smoked paprika', '1/2 tsp. garlic powder', '1/4 tsp. onion powder', '1/4 tsp. cayenne pepper', '1/4 tsp. dried oregano', '1/4 tsp. dried thyme', '1/2 tsp. salt', '1/4 tsp. black pepper']",35,"['Preheat oven to 425 degrees F and mix together seasonings.', 'In a large bowl, mix together chopped veggies with olive oil and seasoning mixture, tossing well to evenly coat.', 'Transfer veggies onto two non-stick baking sheets or roasting pans and roast in the oven for 30 minutes, tossing vegetables once halfway through. Sweet potatoes should be fork tender and broccoli nice and crisp. Serve immediately and enjoy!']","{'servingSize': '1 3/4 cups', 'calories': '206', 'sugarContent': '8.8 g', 'sodiumContent': '383.4 mg', 'fatContent': '7.8 g', 'saturatedFatContent': '0.8 g', 'carbohydrateContent': '31.4 g', 'fiberContent': '7.8 g', 'proteinContent': '7.2 g'}"
,,,,,
Lunch,Holiday Glazed Acorn Squash,"['4 to 5 acorn squash', '4 shallots, sliced', '3 Tbsp olive oil', '1/2 tsp. salt', '1/4 tsp. ground pepper', '1/3 cup honey', '1/2 cup apple cider vinegar', 'Pinch of sea salt', '1/2 cup pomegranate seeds', '1/4 cup pine nuts, toasted', '1/4 cup fresh mint, chopped']",40,"['Preheat oven to 400 degrees F.', 'Slice acorn squash in half through the stem and scoop out all the seeds and flesh. Then slice along the natural ridges (about a half inch to an inch thick depending on the size of your squash) and throw the slices into a large bowl. Toss with shallots, olive oil and salt and pepper and mix well until squash are evenly coated.', 'Divide squash onto two prepared baking sheets and roast in the oven for about 30 to 40 minutes, turning each piece over and rotating pans halfway through, until squash are tender and caramelized. Transfer to a serving platter.', 'While squash are roasting, combine honey, apple cider vinegar and pinch of salt in a small saucepan and bring to a boil over high heat. Reduce heat and allow mixture to simmer for about 5 to 8 minutes, watching it closely, until reduced by a half cup. Drizzle glaze over squash and top with pomegranate seeds, pine nuts and mint. Enjoy!']","{'servingSize': '4 to 5 slices', 'calories': '143', 'sugarContent': '8.7 g', 'sodiumContent': '102.1 mg', 'fatContent': '5.5 g', 'saturatedFatContent': '0.7 g', 'carbohydrateContent': '24.7 g', 'fiberContent': '2.6 g', 'proteinContent': '1.7 g'}"
,,,,,
Lunch,Sweet and Spicy Cranberry Salsa,"['1 (12 oz) package fresh cranberries', '1 Tbsp orange zest', '2 jalapeños, seeded and chopped', '½ cup sliced green onions', '½ Tbsp lime juice', '½ cup raw sugar', '¼ tsp. salt']",5,"['In a food processor or blender, pulse cranberries, orange zest, jalapeños, and green onions until finely chopped.', 'Transfer to a bowl and mix in lime juice, sugar and salt, cover and chill for at least 2 hours. Enjoy!']","{'servingSize': '1/6th of recipe', 'calories': '81', 'sugarContent': '18.2 g', 'sodiumContent': '99 mg', 'fatContent': '0.1 g', 'saturatedFatContent': '0 g', 'carbohydrateContent': '20.8 g', 'fiberContent': '1.5 g', 'proteinContent': '0.3 g'}"
,,,,,
Lunch,Winter Kale and Quinoa Salad,"['1/2 cup uncooked quinoa, rinsed', '6 cups chopped kale', '1 cup pomegranate seeds', '1/2 cup dried cranberries', '1/2 cup walnuts, chopped', '1/4 cup olive oil', '2 Tbsp apple cider vinegar', '1 1/2 tsp. Dijon mustard', '1 Tbsp honey', 'Salt and pepper, to taste']",20,"['To make the quinoa, add 1/2 cup of water to a small saucepan and add quinoa. Bring to a boil, cover and reduce heat and simmer for about 13 minutes. Remove from heat, keeping quinoa covered, and allow it to sit for about 5 minutes then fluff quinoa with a fork.', 'In a large bowl, mix together the kale, quinoa, pomegranate seeds, dried cranberries and walnuts.', 'To make the dressing, whisk together olive oil, apple cider vinegar, Dijon mustard, honey, salt and pepper in a small bowl.', 'Pour dressing over the salad and toss together until evenly coated. Top with additional pomegranates, cranberries and walnuts as desired, serve and enjoy!']","{'servingSize': '1/6th of recipe', 'calories': '290', 'sugarContent': '17.1 g', 'sodiumContent': '88.1 mg', 'fatContent': '16.7 g', 'saturatedFatContent': '1.8 g', 'carbohydrateContent': '31.8 g', 'fiberContent': '4.6 g', 'proteinContent': '4.6 g'}"
,,,,,
Lunch,Slow Cooker Butternut Squash and Farro Chili,"['2 lb. butternut squash, peeled and diced', '1 onion, chopped', '1 bell pepper, chopped', '5 garlic cloves, minced', '2 (15 oz) cans diced tomatoes', '3 Tbsp tomato paste', '1 (15 oz) can black beans, drained', '1 (15 oz) can cannellini beans, drained', '1 1/2 cups vegetable broth', '1 cup farro, rinsed', '1 Tbsp chili powder', '1 tsp. cinnamon', '1/2 tsp. salt']",-447957H22M48,"['In a 6-quart slow cooker, add butternut squash and the rest of ingredients, cover and place on high for 3 to 4 hours or low 6 to 8 hours.', 'Spoon chili into bowls and add desired toppings. Enjoy!']","{'servingSize': '1 1/2 cups', 'calories': '323', 'sugarContent': '8.5 g', 'sodiumContent': '1,566.5 mg', 'fatContent': '1 g', 'saturatedFatContent': '0 g', 'carbohydrateContent': '67.1 g', 'fiberContent': '14.5 g', 'proteinContent': '13 g'}"
,,,,,
Lunch,Egg White and Avocado Salad,"['10 hard boiled egg whites, diced', '1 avocado, mashed', '1 Tbsp Dijon mustard', '1 Tbsp plain Greek yogurt', '2 tsp. fresh lemon juice', '1/3 cup green onions, chopped', '1/2 cup celery, diced', '1/2 tsp. paprika', '1/4 tsp. pepper', 'Pinch of salt', '2 slices uncured turkey bacon, chopped']",5,"['In a large bowl, mash avocado and add in mustard, Greek yogurt and lemon juice, mixing until smooth.', 'Stir in green onions, celery, paprika, salt and pepper and set aside.', 'Begin chopping the egg whites, discarding the yolks, and fold into the avocado mixture until completely combined.', 'Add in the turkey bacon and serve on whole wheat bread with fresh arugula, enjoy!']","{'servingSize': '3/4 cup', 'calories': '154', 'sugarContent': '1.6 g', 'sodiumContent': '425.3 mg', 'fatContent': '8.9 g', 'saturatedFatContent': '1.5 g', 'carbohydrateContent': '6.9 g', 'fiberContent': '4 g', 'proteinContent': '12.1 g'}"
,,,,,
Lunch,One Pot Spicy Sausage and Kale Soup,"['1 Tbsp olive oil', '1 lb. hot (or regular) Italian ground sausage', '1 medium onion, chopped', '2 bell peppers, chopped (I used red and green)', '2 cloves garlic, minced', '4 cups beef broth', '1 (15 oz) can diced tomatoes', '1 (16 oz) jar chunky salsa', '1 (12 oz) bag mixed frozen vegetables (corn, green beans, carrots)', '1 Tbsp Worcestershire sauce', '1/2 tsp. Italian seasoning', 'Salt and pepper, to taste', '2 cups baby kale leaves']",45,"['In a large pot or dutch oven, heat oil over medium-high heat and cook the sausage, crumbling with a spoon, until browned. Mix in the onion, bell peppers and garlic, cooking about 2 to 3 minutes, until translucent.', 'Add the rest of the ingredients, except for the kale, and bring to a boil. Reduce heat and cover, allowing soup to simmer for about 30 minutes.', 'Add kale and simmer for an additional 10 minutes, serve and enjoy!']","{'servingSize': '1 1/2 cups', 'calories': '319', 'sugarContent': '10.2 g', 'sodiumContent': '1,521.1 g', 'fatContent': '15.9 g', 'saturatedFatContent': '0 g', 'carbohydrateContent': '20.6 g', 'fiberContent': '5.3 g', 'proteinContent': '13 g'}"
,,,,,
Lunch,Southwestern Salad with Creamy Avocado Dressing,"['1 head romaine lettuce, chopped', '1 cup cherry tomatoes, halved', '1 cup canned black beans, drained and rinsed', '2 ears corn, kernels sliced from cobs', '1/2 avocado, chopped', '4 green onions, chopped', '1 avocado', '1 garlic clove', '1/4 cup cilantro leaves', '1/4 cup plain Greek yogurt', '3 Tbsp lime juice', '1/2 tsp. hot sauce (optional)', 'Salt and pepper, to taste', '2 Tbsp olive oil', '1/4 to 1/2 cup water (depending on consistency)']",5,"['To make the salad, toss the romaine lettuce, tomatoes, black beans, corn, avocado and onions together in a large bowl.', 'To make the dressing, combine the avocado, garlic, cilantro, yogurt, lime juice, hot sauce and salt/pepper in a food processor and pulse until combined. With the motor running, slowly add the olive oil and water until smooth and you have your desired consistency.', 'Drizzle the dressing over top of the salad and toss until completely coated or cover and store the dressing and salad separately until ready to serve. Enjoy!']","{'servingSize': '1 1/2 cups', 'calories': '310', 'sugarContent': '13.2 g', 'sodiumContent': '411.4 mg', 'fatContent': '19.4 g', 'saturatedFatContent': '2.8 g', 'carbohydrateContent': '33 g', 'fiberContent': '13.2 g', 'proteinContent': '10.4 g'}"
,,,,,
Lunch,Slow Cooker Chicken Fajita &amp; Quinoa Soup,"['1 1/2 lb. boneless skinless chicken breasts', '1 cup uncooked quinoa, rinsed', '3 bell peppers, chopped', '1 medium onion, chopped', '3 cloves garlic, minced', '4 cups low-sodium chicken broth', 'Juice of 1 lime', '1 (15 oz) can diced tomatoes', '1 (4.5 oz) can green chiles', '1 (15 oz) can black beans, drained and rinsed', '1 cup frozen corn', '1 1/2 Tbsp chili powder', '1 Tbsp cumin', '2 tsp. paprika', '2 tsp. salt', 'Toppings (optional): Cilantro, avocado, shredded cheese']",-447957H18M49,"['In a 6-quart slow cooker, add chicken and the rest of ingredients, cover and place on high for 3 to 4 hours or low 6 to 8 hours.', 'Remove chicken and shred with two forks then add back into the slow cooker. Season with additional salt and seasonings if needed.', 'Spoon soup into bowls and top with favorite toppings, enjoy!']","{'servingSize': '1 1/2 cups', 'calories': '323', 'sugarContent': '5.5 g', 'sodiumContent': '1,476.7 mg', 'fatContent': '4 g', 'saturatedFatContent': '0.6 g', 'carbohydrateContent': '43.4 g', 'fiberContent': '8.4 g', 'proteinContent': '27.4 g'}"
,,,,,
Lunch,Warm Brussels Sprouts &amp; Sage Salad,"['2 Tbsp olive oil', '4 cups shaved brussels sprouts', '1 red onion, thinly sliced', '½ cup celery, thinly sliced', '1 orange, peeled and sliced', '3 Tbsp toasted almond slices', '¼ cup apple cider vinegar', '1 Tbsp honey', '1½ tsp. Dijon mustard', '1 Tbsp olive oil', '1 Tbsp fresh sage, roughly chopped', 'Pinch of salt']",15,"['In a large skillet, drizzle olive oil and heat over medium heat.', 'Add brussels sprouts, onion and celery and cook, covered, for about 5 to 6 minutes until tender, stirring occasionally. Then uncover and continue cooking for an additional 2 to 3 minutes until brussels sprouts are starting to brown.', 'Meanwhile, in a small bowl, whisk together the apple cider vinegar, honey, Dijon mustard, olive oil, sage and pinch of salt and pour over top of the brussels sprouts in the skillet. Cook an additional minute until everything is mixed well and heated through. Then remove the brussels sprout mixture from the heat and stir in the orange slices.', 'Toss together with toasted almond slices, serve warm and enjoy!']","{'servingSize': '1/4th of recipe', 'calories': '207', 'sugarContent': '11.3 g', 'sodiumContent': '155.7 g', 'fatContent': '13.4 g', 'saturatedFatContent': '1.7 g', 'carbohydrateContent': '20.8 g', 'fiberContent': '5.2 g', 'proteinContent': '5 g'}"
,,,,,
Lunch,Southwest Flank Steak with Peach Salsa,"['3 Tbsp packed brown sugar', '3 Tbsp chili powder', '1 Tbsp ground cumin', '3 tsp. garlic powder', '1 Tbsp apple cider vinegar', '1 1/2 tsp. Worcestershire sauce', '1/2 tsp. cayenne pepper', '1 beef flank steak (1 1/2 lbs)', '3/4 cup chopped peeled fresh peaches', '1 small red bell pepper, chopped', '1 jalapeño pepper, seeded and chopped', '2 Tbsp finely chopped red onion', '2 Tbsp minced fresh cilantro', '1 Tbsp lime juice', '1 garlic clove, minced', 'Pinch of salt &amp; pepper']",20,"['In a small bowl, combine brown sugar, chili powder, cumin, garlic powder, cider vinegar, Worcestershire sauce and cayenne pepper and rub all over steak.', 'Lightly coat your grill rack with cooking oil and grill steak, covered, over medium heat for about 6-8 minutes on each side. If you don&#8217;t have a grill, you can broil your steak in the oven about 4-inches away from heat, until desired doneness.', 'Meanwhile, combine all ingredients used to make the peach salsa in a small bowl and mix well. Allow flavors to marinate a bit while you cook the steak.', 'Once steak is done, thinly slice across the grain and serve, topped with peach salsa. Enjoy!']","{'servingSize': '3 oz. beef + 1/3 cup salsa', 'calories': '277', 'sugarContent': '10 g', 'sodiumContent': '177.6 mg', 'fatContent': '9.5 g', 'saturatedFatContent': '3.4 g', 'carbohydrateContent': '12.8 g', 'fiberContent': '0.8 g', 'proteinContent': '32.2 g'}"
,,,,,
Lunch,"Sweet Cucumber, Red Onion &amp; Dill Salad","['1/4 cup white wine vinegar', '1 packet Stevia (or 2 tsp. sugar)', '1/4 tsp. sea salt', '2 English cucumbers, peeled, cut in half lengthwise, sliced', '1/2 red onion, thinly sliced', '2 Tbsp chopped fresh dill']",5,"['In a large bowl, whisk together the vinegar, sweetener and salt. Toss in the cucumbers, red onion and fresh dill. Cover and chill for about 30 minutes, enjoy!']","{'servingSize': '1/4th of recipe', 'calories': '34', 'sugarContent': '3.1 g', 'sodiumContent': '148.9 mg', 'fatContent': '0 g', 'saturatedFatContent': '0 g', 'carbohydrateContent': '7.1 g', 'fiberContent': '1.1 g', 'proteinContent': '1g g'}"
,,,,,
Lunch,Italian Pasta Salad,"['1 (14.5 oz) box of Dreamfields Penne Rigate Pasta (or whole wheat pasta is great too!)', 'Half a bottle of Kraft Light Zesty Italian dressing', '1 green bell pepper, chopped', '1 red bell pepper, chopped', '1 whole cucumber, chopped', '1/3 of McCormick&#8217;s Perfect Pinch Salad Supreme Seasoning, I usually just eyeball the amount']",5,"['Cook pasta, using the box directions, until al dente and drain well.', 'While pasta is boiling, chop up the red and green peppers and the cucumber and set aside. Mix together the Zesty Italian dressing with the pasta then add your chopped veggies.', 'Once those are combined, slowly add in the Salad Supreme seasoning until well-coated throughout.', 'Refrigerate for at least 2 hours before serving. Makes great leftovers!!']","{'servingSize': '1/6th of recipe', 'calories': '270', 'sugarContent': '7.5 g', 'sodiumContent': '482.5 mg', 'fatContent': '3.9 g', 'saturatedFatContent': '0 g', 'carbohydrateContent': '52.5 g', 'fiberContent': '8.3 g', 'proteinContent': '10.4 g'}"
